preset_name,n,step_size,adaptive_step_divisor,theta,parameter_varied,variation_value,baysian_distance_adaptive,baysian_distance_nonadaptive,reference_baysian_distance_adaptive,reference_baysian_distance_nonadaptive,runtime_adaptive,runtime_nonadaptive,blue_reference_runtime,sim_same_runtime_adaptive,sim_same_runtime_nonadaptive,pass_adaptive,pass_nonadaptive
Mice_F,40000,0.1,0.1,"[0.0007296180632301659, 0.6560025191224951, 1.433148441238805, 27.471]",eta,0.8,-7789.600173995006,-7782.986699187738,-7421.02892857657,-7420.772395355098,0.5087881088256836,1.9178180694580078,4.11569881439209,0.9897069931030273,1.785062313079834,1,1
Mice_F,40000,0.1,0.1,"[0.0007296180632301659, 0.6560025191224951, 1.433148441238805, 27.471]",beta,0.8,-7893.680295009913,-7913.444314069865,-7421.02892857657,-7420.772395355098,0.4367191791534424,1.561678171157837,4.11569881439209,0.9897069931030273,1.785062313079834,1,1
Mice_F,40000,0.1,0.1,"[0.0007296180632301659, 0.6560025191224951, 1.433148441238805, 27.471]",epsilon,0.8,-7491.105356344003,-7491.174062085253,-7421.02892857657,-7420.772395355098,0.4534010887145996,1.9792869091033936,4.11569881439209,0.9897069931030273,1.785062313079834,1,1
Mice_F,40000,0.1,0.1,"[0.0007296180632301659, 0.6560025191224951, 1.433148441238805, 27.471]",xc,0.8,-7595.763890737469,-7604.770976892513,-7421.02892857657,-7420.772395355098,0.39946413040161133,1.464184045791626,4.11569881439209,0.9897069931030273,1.785062313079834,1,1
