preset_name,n,step_size,adaptive_step_divisor,theta,parameter_varied,variation_value,baysian_distance_adaptive,baysian_distance_nonadaptive,reference_baysian_distance_adaptive,reference_baysian_distance_nonadaptive,runtime_adaptive,runtime_nonadaptive,blue_reference_runtime,sim_same_runtime_adaptive,sim_same_runtime_nonadaptive,pass_adaptive,pass_nonadaptive
Mice_F,40000,0.1,10,"[0.0007296180632301659, 0.6560025191224951, 1.433148441238805, 27.471, 24.17448]",eta,0.8,-7796.288417541327,-7823.471269892995,-7443.7182407988785,-7445.982550293404,192.54788184165955,7.063784837722778,1.0702152252197266,166.66950702667236,6.129347801208496,1,1
Mice_F,40000,0.1,10,"[0.0007296180632301659, 0.6560025191224951, 1.433148441238805, 27.471, 24.17448]",beta,0.8,-7928.032199210695,-7896.681447078036,-7443.7182407988785,-7445.982550293404,145.08420085906982,5.004118204116821,1.0702152252197266,166.66950702667236,6.129347801208496,1,1
Mice_F,40000,0.1,10,"[0.0007296180632301659, 0.6560025191224951, 1.433148441238805, 27.471, 24.17448]",epsilon,0.8,-7518.677229259941,-7532.0709231589,-7443.7182407988785,-7445.982550293404,178.879723072052,7.011196136474609,1.0702152252197266,166.66950702667236,6.129347801208496,1,1
Mice_F,40000,0.1,10,"[0.0007296180632301659, 0.6560025191224951, 1.433148441238805, 27.471, 24.17448]",xc,0.8,-7632.168693745126,-7602.493102349844,-7443.7182407988785,-7445.982550293404,142.10676383972168,5.324127912521362,1.0702152252197266,166.66950702667236,6.129347801208496,1,1
Mice_F,40000,0.1,10,"[0.0007296180632301659, 0.6560025191224951, 1.433148441238805, 27.471, 24.17448]",xs,0.8,-7445.121716616537,-7445.618928816502,-7443.7182407988785,-7445.982550293404,175.54385995864868,6.041608095169067,1.0702152252197266,166.66950702667236,6.129347801208496,1,0
